Definitions,Total_Population,Fertility_per_woman,Live_Births_per_1K_pop,Death_rate_per_1K_pop,Infant_Mortality_per_1K_population,Unemployment_Percent_of_pop,GDP_Per_Captita_in_US_Dollars,Ratio_of_males_to_females,Pop_Growth_Percent,Literacy_Percent_of_Males,Net_Migrants_per_1K_pop,Percent_Muslim,Sqare_km_land_area,Pop_per_sqare_km,Median_Age,Fertility_LT4,Unem-_ployment_LT10PCT,Immi-_gration_GT0,Literacy_GT70PCT,Pop_Density_LT100_per_Sq_Km,"GDP_GT5,000_Annually",Median_Age_GT30,Total_Index
Comoros," 711,417 ", 5.0 , 36.4 , 8.0 , 70.7 , 20.0 , $600 , 0.99 ,2.84%,63.6%, -   ,98.0%," 2,170 ", 328 , 18.70 ,1,1,,1,1,1,1,6
Haiti," 8,706,497 ", 4.9 , 35.9 , 10.4 , 63.8 ,#N/A," $1,800 ", 0.97 ,2.45%,54.8%, (0.940),0.0%," 27,750 ", 314 , 18.40 ,1,,1,1,1,1,1,6
Mali," 11,995,402 ", 7.4 , 49.6 , 16.5 , 105.7 , 14.6 ," $1,300 ", 0.99 ,2.68%,53.5%, (6.280),90.0%," 1,240,000 ", 10 , 15.90 ,1,1,1,1,,1,1,6
Afghanistan," 31,889,923 ", 6.6 , 46.2 , 20.0 , 157.4 , 40.0 , $800 , 1.05 ,2.63%,43.1%, -   ,80.0%," 647,500 ", 49 , 17.60 ,1,1,,1,,1,1,5
Bangladesh," 150,448,339 ", 3.1 , 29.4 , 8.1 , 59.1 , 2.5 ," $2,300 ", 1.05 ,2.06%,53.9%, (0.660),83.0%," 144,000 "," 1,045 ", 22.50 ,,,1,1,1,1,1,5
Burundi," 8,390,505 ", 6.5 , 42.0 , 13.2 , 61.9 ,#N/A, $700 , 0.99 ,3.59%,67.3%, 7.130 ,10.0%," 27,830 ", 301 , 16.70 ,1,,,1,1,1,1,5
Chad," 9,885,661 ", 5.6 , 42.4 , 16.7 , 102.1 ,#N/A," $1,500 ", 0.92 ,2.32%,56.0%, (2.460),53.1%," 1,284,000 ", 8 , 16.30 ,1,,1,1,,1,1,5
Cote d'Ivoire," 18,013,409 ", 4.4 , 34.7 , 14.7 , 87.4 , 13.0 ," $1,600 ", 0.99 ,2.00%,57.9%, -   ,35.0%," 322,460 ", 56 , 19.30 ,1,1,,1,,1,1,5
"Gambia, The"," 1,688,359 ", 5.2 , 38.9 , 12.0 , 70.1 ,#N/A," $2,000 ", 1.00 ,2.78%,47.8%, 0.940 ,90.0%," 11,300 ", 149 , 17.80 ,1,,,1,1,1,1,5
Gaza Strip," 1,482,405 ", 5.6 , 38.9 , 3.7 , 21.9 , 20.3 ," $1,500 ", 1.04 ,3.66%,96.7%, 1.430 ,98.7%, 360 ," 4,118 ", 16.00 ,1,1,,,1,1,1,5
Ghana," 22,931,299 ", 3.9 , 29.9 , 9.6 , 53.6 , 20.0 ," $2,700 ", 1.00 ,1.97%,66.4%, (0.580),15.9%," 239,460 ", 96 , 20.20 ,,1,1,1,,1,1,5
Grenada," 89,971 ", 2.3 , 21.9 , 6.6 , 13.9 , 12.5 ," $3,900 ", 1.08 ,0.34%,#VALUE!, (11.900),0.0%, 344 , 262 , 22.10 ,,1,1,,1,1,1,5
Indonesia," 234,693,997 ", 2.4 , 19.7 , 6.3 , 32.1 , 12.5 ," $3,900 ", 1.00 ,1.21%,94.0%, (1.270),86.1%," 1,919,440 ", 122 , 26.90 ,,1,1,,1,1,1,5
Jamaica," 2,780,132 ", 2.4 , 20.4 , 6.6 , 15.7 , 11.3 ," $4,700 ", 0.98 ,0.78%,84.1%, (6.070),0.0%," 10,991 ", 253 , 23.20 ,,1,1,,1,1,1,5
Mauritania," 3,270,065 ", 5.8 , 40.6 , 11.9 , 68.1 , 20.0 ," $2,600 ", 0.98 ,2.87%,59.5%, -   ,100.0%," 1,030,700 ", 3 , 17.10 ,1,1,,1,,1,1,5
Mayotte," 208,783 ", 5.7 , 40.4 , 7.5 , 59.5 , 25.4 ," $4,900 ", 1.09 ,3.62%,#VALUE!, 3.350 ,97.0%, 374 , 558 , 17.10 ,1,1,,,1,1,1,5
"Micronesia, Federated States of"," 107,862 ", 3.1 , 24.1 , 4.7 , 28.2 , 22.0 ," $2,300 ",#VALUE!,-0.15%,91.0%, (21.020),0.0%, 702 , 154 , 21.20 ,,1,1,,1,1,1,5
Mozambique," 20,905,585 ", 5.3 , 38.5 , 20.5 , 109.9 , 21.0 ," $1,500 ", 0.97 ,1.80%,63.5%, -   ,17.8%," 801,590 ", 26 , 17.40 ,1,1,,1,,1,1,5
Nepal," 28,901,790 ", 4.0 , 30.5 , 9.1 , 63.7 , 42.0 ," $1,500 ", 1.06 ,2.13%,62.7%, -   ,4.2%," 147,181 ", 196 , 20.50 ,,1,,1,1,1,1,5
Niger," 12,894,865 ", 7.4 , 50.2 , 20.6 , 116.8 ,#N/A," $1,000 ", 1.05 ,2.90%,42.9%, (0.590),80.0%," 1,267,000 ", 10 , 16.50 ,1,,1,1,,1,1,5
Pakistan," 164,741,924 ", 3.7 , 27.5 , 8.0 , 68.8 , 6.5 ," $2,600 ", 1.05 ,1.83%,63.0%, (1.240),97.0%," 803,940 ", 205 , 20.90 ,,,1,1,1,1,1,5
Saint Lucia," 170,649 ", 2.2 , 19.3 , 5.0 , 12.8 , 20.0 ," $4,800 ", 0.97 ,1.30%,89.5%, (1.280),0.0%, 616 , 277 , 25.60 ,,1,1,,1,1,1,5
Saint Vincent and the Grenadines," 118,149 ", 1.8 , 16.0 , 6.0 , 14.0 , 15.0 ," $3,600 ", 1.04 ,0.25%,96.0%, (7.580),0.0%, 389 , 304 , 27.40 ,,1,1,,1,1,1,5
Sao Tome and Principe," 199,579 ", 5.5 , 39.7 , 6.3 , 40.5 ,#N/A," $1,200 ", 0.98 ,3.13%,92.2%, (2.140),0.0%," 1,001 ", 199 , 16.20 ,1,,1,,1,1,1,5
Senegal," 12,521,851 ", 5.0 , 37.4 , 11.0 , 60.2 , 48.0 ," $1,800 ", 1.00 ,2.65%,51.1%, -   ,94.0%," 196,190 ", 64 , 18.70 ,1,1,,1,,1,1,5
West Bank," 2,535,927 ", 4.2 , 31.0 , 3.9 , 18.7 , 20.3 ," $1,500 ", 1.04 ,2.99%,96.7%, 2.710 ,75.0%," 5,860 ", 433 , 18.50 ,1,1,,,1,1,1,5
Yemen," 22,230,531 ", 6.5 , 42.7 , 8.1 , 57.9 , 35.0 ," $1,000 ", 1.03 ,3.46%,70.5%, -   ,100.0%," 527,970 ", 42 , 16.70 ,1,1,,1,,1,1,5
Albania," 3,600,523 ", 2.0 , 15.2 , 5.3 , 20.0 , 13.8 ," $5,700 ", 1.04 ,0.53%,99.2%, (4.540),70.0%," 28,748 ", 125 , 29.20 ,,1,1,,1,,1,4
American Samoa," 57,663 ", 3.1 , 21.8 , 3.2 , 8.9 , 29.8 ," $5,800 ", 1.06 ,-0.26%,98.0%, (21.210),0.0%, 199 , 290 , 23.60 ,,1,1,,1,,1,4
Benin," 8,078,314 ", 5.1 , 38.1 , 11.9 , 77.9 ,#N/A," $1,100 ", 0.98 ,2.67%,47.9%, 0.580 ,24.4%," 112,620 ", 72 , 17.70 ,1,,,1,,1,1,4
Bhutan," 2,327,849 ", 4.7 , 33.3 , 12.5 , 96.4 , 2.5 ," $1,400 ", 1.07 ,2.08%,60.0%, -   ,0.0%," 47,000 ", 50 , 20.50 ,1,,,1,,1,1,4
Burkina Faso," 14,326,203 ", 6.4 , 45.3 , 15.3 , 89.8 ,#N/A," $1,400 ", 0.99 ,3.00%,29.4%, -   ,50.0%," 274,200 ", 52 , 16.50 ,1,,,1,,1,1,4
Cameroon," 18,060,382 ", 4.5 , 35.1 , 12.7 , 65.8 , 30.0 ," $2,500 ", 1.01 ,2.24%,77.0%, -   ,20.0%," 475,440 ", 38 , 18.90 ,1,1,,,,1,1,4
Cape Verde," 423,613 ", 3.3 , 24.4 , 6.5 , 45.3 , 21.0 ," $6,000 ", 0.95 ,0.61%,85.8%, (11.830),0.0%," 4,033 ", 105 , 20.20 ,,1,1,,1,,1,4
Central African Republic," 4,369,038 ", 4.3 , 33.5 , 18.5 , 84.0 , 8.0 ," $1,200 ", 0.98 ,1.51%,63.3%, -   ,15.0%," 622,984 ", 7 , 18.50 ,1,,,1,,1,1,4
"Congo, Republic of the"," 3,800,610 ", 6.0 , 42.2 , 12.6 , 83.3 ,#N/A," $1,400 ", 0.99 ,2.64%,89.6%, (3.170),2.0%," 342,000 ", 11 , 16.70 ,1,,1,,,1,1,4
Djibouti," 496,374 ", 5.2 , 39.1 , 19.2 , 100.8 , 50.0 ," $1,000 ", 1.05 ,1.98%,78.0%, -   ,94.0%," 23,000 ", 22 , 18.20 ,1,1,,,,1,1,4
Dominica," 72,386 ", 2.1 , 15.8 , 8.4 , 14.6 , 23.0 ," $3,800 ", 1.02 ,0.18%,94.0%, (5.470),0.0%, 754 , 96 , 29.10 ,,1,1,,,1,1,4
Dominican Republic," 9,365,818 ", 2.8 , 22.9 , 5.3 , 27.9 , 16.0 ," $8,400 ", 1.03 ,1.50%,86.8%, (2.590),0.0%," 48,730 ", 192 , 24.50 ,,1,1,,1,,1,4
Ecuador," 13,755,680 ", 2.6 , 21.9 , 4.2 , 22.1 , 10.6 ," $4,500 ", 1.00 ,1.55%,92.3%, (2.160),0.0%," 283,560 ", 49 , 23.90 ,,1,1,,,1,1,4
Egypt," 80,335,036 ", 2.8 , 22.5 , 5.1 , 29.5 , 10.3 ," $4,200 ", 1.02 ,1.72%,83.0%, (0.210),90.0%," 1,001,450 ", 80 , 24.20 ,,1,1,,,1,1,4
El Salvador," 6,948,073 ", 3.1 , 26.1 , 5.6 , 22.9 , 6.0 ," $4,900 ", 0.95 ,1.70%,82.8%, (3.540),0.0%," 21,040 ", 330 , 22.00 ,,,1,,1,1,1,4
Eritrea," 4,906,585 ", 5.0 , 34.0 , 9.4 , 45.2 ,#N/A," $1,000 ", 0.99 ,2.46%,69.9%, -   ,0.0%," 121,320 ", 40 , 17.90 ,1,,,1,,1,1,4
Ethiopia," 76,511,887 ", 5.1 , 37.4 , 14.7 , 91.9 ,#N/A," $1,000 ", 1.00 ,2.27%,50.3%, -   ,32.8%," 1,127,127 ", 68 , 18.00 ,1,,,1,,1,1,4
Gabon," 1,454,867 ", 4.7 , 36.0 , 12.5 , 53.7 , 21.0 ," $7,100 ", 0.99 ,2.04%,73.7%, (3.150),1.0%," 267,667 ", 5 , 18.60 ,1,1,1,,,,1,4
Guinea," 9,947,814 ", 5.8 , 41.5 , 15.3 , 88.6 ,#N/A," $2,100 ", 1.00 ,2.62%,42.6%, -   ,85.0%," 245,857 ", 40 , 17.70 ,1,,,1,,1,1,4
Guinea-Bissau," 1,472,780 ", 4.8 , 36.8 , 16.3 , 103.5 ,#N/A, $900 , 0.95 ,2.05%,58.1%, -   ,45.0%," 36,120 ", 41 , 19.10 ,1,,,1,,1,1,4
Honduras," 7,483,763 ", 3.5 , 27.6 , 5.3 , 25.2 , 27.9 ," $3,100 ", 1.01 ,2.09%,79.8%, (1.360),0.0%," 112,090 ", 67 , 19.70 ,,1,1,,,1,1,4
India," 1,129,866,154 ", 2.8 , 22.7 , 6.6 , 34.6 , 7.8 ," $3,800 ", 1.06 ,1.61%,73.4%, (0.050),13.4%," 3,287,590 ", 344 , 24.80 ,,,1,,1,1,1,4
Iraq," 27,499,638 ", 4.1 , 31.4 , 5.3 , 47.0 , 25.0 ," $1,900 ", 1.02 ,2.62%,84.1%, -   ,97.0%," 437,072 ", 63 , 20.00 ,1,1,,,,1,1,4
Kenya," 36,913,721 ", 4.8 , 38.9 , 11.0 , 57.4 , 40.0 ," $1,200 ", 1.00 ,2.80%,90.6%, -   ,10.0%," 582,650 ", 63 , 18.60 ,1,1,,,,1,1,4
Kiribati," 107,817 ", 4.1 , 30.5 , 8.1 , 46.0 , 2.0 ," $2,800 ", 0.99 ,2.24%,#VALUE!, -   ,0.0%, 811 , 133 , 20.40 ,1,,,,1,1,1,4
Kyrgyzstan," 5,284,149 ", 2.7 , 23.1 , 7.0 , 33.4 , 18.0 ," $2,100 ", 0.96 ,1.35%,99.3%, (2.520),75.0%," 198,500 ", 27 , 23.90 ,,1,1,,,1,1,4
Lesotho," 2,125,262 ", 3.2 , 24.7 , 22.5 , 79.9 , 45.0 ," $2,700 ", 0.96 ,0.14%,74.5%, (0.780),0.0%," 30,355 ", 70 , 21.10 ,,1,1,,,1,1,4
Liberia," 3,195,931 ", 5.9 , 43.8 , 22.2 , 149.7 , 85.0 , $900 , 0.99 ,4.84%,73.3%, 26.860 ,20.0%," 111,370 ", 29 , 18.10 ,1,1,,,,1,1,4
Malawi," 13,603,181 ", 5.7 , 42.1 , 18.3 , 92.1 ,#N/A, $600 , 1.00 ,2.38%,76.1%, -   ,12.8%," 118,480 ", 115 , 16.70 ,1,,,,1,1,1,4
Maldives," 369,031 ", 4.8 , 34.2 , 6.9 , 53.3 ,#N/A," $3,900 ", 1.05 ,2.73%,96.2%, -   ,100.0%, 300 ," 1,230 ", 18.10 ,1,,,,1,1,1,4
Marshall Islands," 61,815 ", 3.8 , 32.4 , 4.7 , 27.3 , 30.9 ," $2,900 ", 1.04 ,2.21%,93.6%, (5.650),0.0%," 11,854 ", 5 , 20.70 ,,1,1,,,1,1,4
Morocco," 33,757,175 ", 2.6 , 21.6 , 5.5 , 38.9 , 7.7 ," $4,600 ", 0.99 ,1.53%,65.7%, (0.820),98.7%," 446,550 ", 76 , 24.30 ,,,1,1,,1,1,4
Nicaragua," 5,675,356 ", 2.7 , 24.1 , 4.4 , 27.1 , 3.8 ," $3,100 ", 1.00 ,1.86%,67.2%, (1.150),0.0%," 129,494 ", 44 , 21.30 ,,,1,1,,1,1,4
Nigeria," 135,031,164 ", 5.5 , 40.2 , 16.7 , 95.5 , 5.8 ," $1,500 ", 1.02 ,2.38%,75.7%, 0.260 ,50.0%," 923,768 ", 146 , 18.70 ,1,,,,1,1,1,4
Rwanda," 9,907,509 ", 5.4 , 40.2 , 14.9 , 85.3 ,#N/A," $1,600 ", 0.99 ,2.77%,76.3%, 2.410 ,4.6%," 26,338 ", 376 , 18.60 ,1,,,,1,1,1,4
Samoa," 214,265 ", 4.2 , 28.3 , 5.9 , 25.9 ,#N/A," $2,100 ", 1.06 ,1.29%,99.6%, (9.490),0.0%," 2,944 ", 73 , 20.40 ,1,,1,,,1,1,4
Sierra Leone," 6,144,562 ", 6.0 , 45.4 , 22.6 , 158.3 ,#N/A, $900 , 0.94 ,2.29%,46.9%, 0.150 ,60.0%," 71,740 ", 86 , 17.50 ,1,,,1,,1,1,4
Somalia," 9,118,773 ", 6.7 , 44.6 , 16.3 , 113.1 ,#N/A, $600 , 1.00 ,2.83%,49.7%, -   ,100.0%," 637,657 ", 14 , 17.60 ,1,,,1,,1,1,4
Sudan," 39,379,358 ", 4.7 , 34.9 , 14.4 , 91.8 , 18.7 ," $2,400 ", 1.03 ,2.08%,71.8%, 0.350 ,70.0%," 2,505,810 ", 16 , 18.70 ,1,1,,,,1,1,4
Syria," 19,314,747 ", 3.3 , 27.2 , 4.7 , 27.7 , 12.5 ," $4,100 ", 1.05 ,2.24%,86.0%, -   ,74.0%," 185,180 ", 104 , 21.10 ,,1,,,1,1,1,4
Tajikistan," 7,076,598 ", 3.1 , 27.3 , 7.1 , 43.6 , 12.0 ," $1,300 ", 0.99 ,1.90%,99.7%, (1.330),85.0%," 143,100 ", 49 , 21.30 ,,1,1,,,1,1,4
Tanzania," 39,384,223 ", 4.8 , 36.0 , 13.4 , 71.7 ,#N/A, $800 , 0.98 ,2.09%,77.5%, (1.680),35.0%," 945,087 ", 42 , 17.70 ,1,,1,,,1,1,4
Togo," 5,701,579 ", 4.9 , 36.8 , 9.7 , 59.1 ,#N/A," $1,700 ",#N/A,2.72%,75.4%, -   ,20.0%," 56,785 ", 100 , 18.40 ,1,,,,1,1,1,4
Tonga," 116,921 ", 2.8 , 23.7 , 5.2 , 12.0 , 13.0 ," $2,200 ", 0.99 ,1.85%,98.8%, -   ,0.0%, 748 , 156 , 21.30 ,,1,,,1,1,1,4
Uganda," 30,262,610 ", 6.8 , 48.1 , 12.6 , 67.2 ,#N/A," $1,900 ", 1.00 ,3.57%,76.8%, 0.240 ,12.1%," 236,040 ", 128 , 14.90 ,1,,,,1,1,1,4
Vietnam," 85,262,356 ", 1.9 , 16.6 , 6.2 , 24.4 , 2.0 ," $3,100 ", 0.98 ,1.00%,93.9%, (0.400),0.0%," 329,560 ", 259 , 26.40 ,,,1,,1,1,1,4
Zambia," 11,477,447 ", 5.3 , 40.8 , 21.5 , 100.7 , 50.0 ," $1,000 ", 0.99 ,1.66%,86.8%,#N/A,0.0%," 752,614 ", 15 , 16.80 ,1,1,,,,1,1,4
Algeria," 33,333,216 ", 1.9 , 17.1 , 4.6 , 28.8 , 15.7 ," $7,600 ", 1.02 ,1.22%,79.6%, (0.330),99.0%," 2,381,740 ", 14 , 25.50 ,,1,1,,,,1,3
Angola," 12,263,596 ", 6.3 , 44.5 , 24.8 , 184.4 ,#N/A," $4,500 ", 1.02 ,2.18%,82.9%, 2.140 ,0.0%," 1,246,700 ", 10 , 17.90 ,1,,,,,1,1,3
Antigua and Barbuda," 69,481 ", 2.2 , 16.6 , 5.3 , 18.3 , 11.0 ," $10,900 ", 1.00 ,0.53%,#VALUE!, (6.040),0.0%, 443 , 157 , 30.30 ,,1,1,,1,,,3
"Bahamas, The"," 305,655 ", 2.2 , 17.3 , 9.1 , 24.2 , 10.2 ," $21,600 ", 0.96 ,0.60%,94.7%, (2.150),0.0%," 13,940 ", 22 , 28.10 ,,1,1,,,,1,3
Bahrain," 708,573 ", 2.6 , 17.5 , 4.2 , 16.2 , 15.0 ," $25,600 ", 1.26 ,1.39%,88.6%, 0.600 ,81.2%, 665 ," 1,066 ", 29.70 ,,1,,,1,,1,3
Barbados," 280,946 ", 1.7 , 12.6 , 8.6 , 11.6 , 10.7 ," $18,400 ", 0.94 ,0.37%,99.7%, (0.310),0.0%, 431 , 652 , 35.00 ,,1,1,,1,,,3
Bolivia," 9,119,152 ", 2.8 , 22.8 , 7.4 , 50.4 , 7.8 ," $3,100 ", 0.98 ,1.42%,93.1%, (1.180),0.0%," 1,098,580 ", 8 , 22.20 ,,,1,,,1,1,3
Burma," 47,373,958 ", 2.0 , 17.5 , 9.3 , 50.7 , 10.2 ," $1,800 ", 0.98 ,0.82%,93.9%, -   ,4.0%," 678,500 ", 70 , 27.40 ,,1,,,,1,1,3
Colombia," 44,379,598 ", 2.5 , 20.2 , 5.5 , 20.1 , 11.1 ," $8,600 ", 0.96 ,1.43%,92.9%, (0.290),0.0%," 1,138,910 ", 39 , 26.60 ,,1,1,,,,1,3
"Congo, Democratic Republic of the"," 65,751,512 ", 6.4 , 43.0 , 10.3 , 65.5 ,#N/A, $700 , 0.99 ,3.39%,76.2%, 1.280 ,10.0%," 2,345,410 ", 28 , 16.10 ,1,,,,,1,1,3
Cuba," 11,394,043 ", 1.6 , 11.4 , 7.1 , 6.0 , 1.9 ," $4,100 ", 0.99 ,0.27%,99.8%, (1.570),0.0%," 110,860 ", 103 , 36.30 ,,,1,,1,1,,3
Equatorial Guinea," 551,201 ", 4.5 , 35.2 , 15.0 , 87.2 , 30.0 ," $50,200 ", 0.96 ,2.02%,93.3%, -   ,0.0%," 28,051 ", 20 , 18.80 ,1,1,,,,,1,3
Georgia," 4,646,003 ", 1.4 , 10.5 , 9.4 , 17.4 , 12.6 ," $3,900 ", 0.91 ,-0.33%,100.0%, (4.450),9.9%," 69,700 ", 67 , 38.00 ,,1,1,,,1,,3
Guam," 173,456 ", 2.6 , 18.6 , 4.6 , 6.7 , 11.4 ," $15,000 ", 1.04 ,1.40%,99.0%, -   ,0.0%, 541 , 321 , 28.80 ,,1,,,1,,1,3
Guatemala," 12,728,111 ", 3.7 , 29.1 , 5.3 , 29.8 , 3.2 ," $5,000 ", 0.97 ,2.15%,75.4%, (2.310),0.0%," 108,890 ", 117 , 18.90 ,,,1,,1,,1,3
Guyana," 769,095 ", 2.0 , 18.1 , 8.3 , 31.4 ,#N/A," $4,900 ", 1.01 ,0.23%,99.1%, (7.470),10.0%," 214,970 ", 4 , 27.80 ,,,1,,,1,1,3
Iran," 65,397,521 ", 1.7 , 16.6 , 5.7 , 38.1 , 15.0 ," $8,700 ", 1.03 ,0.66%,83.5%, (4.290),98.0%," 1,648,000 ", 40 , 25.80 ,,1,1,,,,1,3
Laos," 6,521,998 ", 4.6 , 35.0 , 11.3 , 81.4 , 2.4 ," $2,200 ", 0.98 ,2.37%,77.0%, -   ,0.0%," 236,800 ", 28 , 19.00 ,1,,,,,1,1,3
Lebanon," 3,925,502 ", 1.9 , 18.1 , 6.1 , 23.4 , 20.0 ," $5,900 ", 0.94 ,1.20%,93.1%, -   ,59.7%," 10,400 ", 377 , 28.30 ,,1,,,1,,1,3
Madagascar," 19,448,815 ", 5.2 , 38.6 , 8.5 , 57.0 ,#N/A, $900 , 0.99 ,3.01%,75.5%, -   ,7.0%," 587,040 ", 33 , 17.80 ,1,,,,,1,1,3
Moldova," 4,320,490 ", 1.3 , 10.9 , 10.9 , 13.9 , 7.3 ," $2,000 ", 0.91 ,-0.11%,99.7%, (1.130),0.0%," 33,843 ", 128 , 34.00 ,,,1,,1,1,,3
Netherlands Antilles," 223,652 ", 2.0 , 14.6 , 6.4 , 9.6 , 17.0 ," $16,000 ", 0.93 ,0.78%,96.7%, (0.400),0.0%, 960 , 233 , 33.10 ,,1,1,,1,,,3
Oman," 3,204,897 ", 5.7 , 35.8 , 3.8 , 18.3 , 15.0 ," $14,400 ", 1.24 ,3.23%,86.8%, 0.360 ,75.0%," 212,460 ", 15 , 18.90 ,1,1,,,,,1,3
Papua New Guinea," 5,795,887 ", 3.8 , 28.8 , 7.1 , 48.5 , 2.0 ," $2,700 ", 1.04 ,2.16%,63.4%, -   ,0.0%," 462,840 ", 13 , 21.40 ,,,,1,,1,1,3
Paraguay," 6,669,086 ", 3.8 , 28.8 , 4.5 , 26.5 , 9.4 ," $4,800 ", 1.01 ,2.42%,94.9%, (0.080),0.0%," 406,750 ", 16 , 21.60 ,,,1,,,1,1,3
Philippines," 91,077,287 ", 3.1 , 24.5 , 5.4 , 22.1 , 7.9 ," $5,000 ", 1.00 ,1.76%,92.5%, (1.480),5.0%," 300,000 ", 304 , 22.70 ,,,1,,1,,1,3
Poland," 38,518,241 ", 1.3 , 9.9 , 9.9 , 7.1 , 14.9 ," $14,400 ", 0.94 ,-0.05%,99.8%, (0.460),0.0%," 312,685 ", 123 , 37.30 ,,1,1,,1,,,3
Puerto Rico," 3,944,259 ", 1.8 , 12.8 , 7.8 , 7.8 , 12.0 ," $19,300 ", 0.92 ,0.39%,93.9%, (1.090),0.0%," 13,790 ", 286 ,35.1,,1,1,,1,,,3
Saint Kitts and Nevis," 39,349 ", 2.3 , 17.9 , 8.2 , 13.7 , 4.5 ," $8,200 ", 0.99 ,0.62%,#VALUE!, (3.510),0.0%, 261 , 151 ,28.1,,,1,,1,,1,3
Saudi Arabia," 27,601,038 ", 3.9 , 29.1 , 2.6 , 12.4 , 13.0 ," $13,800 ", 1.20 ,2.06%,84.7%, (5.950),100.0%," 2,149,690 ", 13 ,21.4,,1,1,,,,1,3
Serbia," 10,150,265 ", 1.7 ,#N/A,#N/A,#N/A, 31.6 ," $4,400 ",#N/A,#N/A,98.9%,#N/A,3.2%," 88,361 ", 115 ,37.3,,1,,,1,1,,3
Seychelles," 81,895 ", 1.7 , 15.8 , 6.3 , 14.8 ,#N/A," $7,800 ", 0.93 ,0.43%,91.4%, (5.250),1.1%, 455 , 180 ,28.4,,,1,,1,,1,3
South Africa," 43,997,828 ", 2.2 , 17.9 , 22.5 , 59.4 , 25.5 ," $13,300 ", 0.95 ,-0.46%,87.0%, (0.080),1.5%," 1,219,912 ", 36 ,24.3,,1,1,,,,1,3
Sri Lanka," 20,926,315 ", 2.1 , 17.0 , 6.0 , 19.5 , 7.6 ," $4,700 ", 0.97 ,0.98%,92.3%, (1.160),7.6%," 65,610 ", 319 ,30,,,1,,1,1,,3
Timor-Leste," 1,084,971 ", 3.5 , 26.8 , 6.2 , 44.5 , 50.0 , $800 , 1.03 ,2.06%,#VALUE!, -   ,1.0%," 15,007 ", 72 ,21.1,,1,,,,1,1,3
Tunisia," 10,276,158 ", 1.7 , 15.5 , 5.2 , 22.9 , 13.9 ," $8,900 ", 1.02 ,0.99%,83.4%, (0.470),98.0%," 163,610 ", 63 ,28.3,,1,1,,,,1,3
Turkmenistan," 5,097,028 ", 3.1 , 25.4 , 6.2 , 53.5 , 60.0 ," $8,500 ", 0.99 ,1.62%,99.3%, (3.010),89.0%," 488,100 ", 10 ,22.3,,1,1,,,,1,3
Uzbekistan," 27,780,059 ", 2.9 , 26.5 , 7.7 , 68.9 , 3.0 ," $2,000 ", 0.98 ,1.73%,99.6%, (1.400),88.0%," 447,400 ", 62 ,22.9,,,1,,,1,1,3
Zimbabwe," 12,311,143 ", 3.1 , 27.7 , 21.8 , 51.1 , 80.0 ," $2,100 ", 1.01 ,0.60%,94.2%,#N/A,0.0%," 390,580 ", 32 ,20.1,,1,,,,1,1,3
Azerbaijan," 8,120,247 ", 2.1 , 17.5 , 8.4 , 58.3 , 1.2 ," $7,500 ", 0.97 ,0.69%,99.5%, (2.250),93.4%," 86,600 ", 94 ,27.6,,,1,,,,1,2
Botswana," 1,815,508 ", 2.7 , 23.2 , 13.6 , 44.0 , 23.8 ," $10,900 ", 1.00 ,1.50%,80.4%, 5.490 ,0.0%," 600,370 ", 3 ,20.9,,1,,,,,1,2
Brazil," 190,010,647 ", 1.9 , 16.3 , 6.2 , 27.6 , 9.6 ," $8,800 ", 0.98 ,1.01%,88.4%, (0.030),0.0%," 8,511,965 ", 22 ,28.6,,,1,,,,1,2
Cambodia," 13,995,904 ", 3.1 , 25.5 , 8.2 , 58.5 , 2.5 ," $2,800 ", 0.95 ,1.73%,84.7%, -   ,0.0%," 181,040 ", 77 ,21.3,,,,,,1,1,2
China," 1,321,851,888 ", 1.8 , 13.5 , 7.0 , 22.1 , 4.2 ," $7,800 ", 1.06 ,0.61%,95.1%, (0.390),1.0%," 9,596,960 ", 138 ,33.2,,,1,,1,,,2
Cook Islands," 21,750 ",#N/A, 21.0 ,#N/A,#N/A, 13.1 ," $9,100 ",#VALUE!,#VALUE!,#VALUE!,#N/A,0.0%, 237 , 92 ,25.3,,1,,,,,1,2
Fiji," 918,675 ", 2.7 , 22.4 , 5.7 , 12.0 , 7.6 ," $6,200 ", 1.01 ,1.39%,95.5%, (2.780),7.0%," 18,270 ", 50 ,24.9,,,1,,,,1,2
French Polynesia," 278,963 ", 2.0 , 16.4 , 4.6 , 7.8 , 11.7 ," $17,500 ", 1.07 ,1.46%,98.0%, 2.810 ,0.0%," 4,167 ", 67 ,28.3,,1,,,,,1,2
Israel," 6,426,679 ", 2.4 , 17.7 , 6.2 , 6.8 , 8.3 ," $26,800 ", 0.99 ,1.15%,98.5%, -   ,16.0%," 20,770 ", 309 ,29.9,,,,,1,,1,2
Jordan," 6,053,193 ", 2.6 , 20.7 , 2.7 , 16.2 , 15.4 ," $5,100 ", 1.10 ,2.41%,95.1%, 6.110 ,92.0%," 92,300 ", 66 ,23.5,,1,,,,,1,2
Kazakhstan," 15,284,929 ", 1.9 , 16.2 , 9.4 , 27.4 , 7.4 ," $9,400 ", 0.93 ,0.35%,99.8%, (3.320),47.0%," 2,717,300 ", 6 ,29.1,,,1,,,,1,2
"Korea, North"," 23,301,725 ", 2.1 , 15.1 , 7.2 , 22.6 ,#N/A," $1,800 ", 0.95 ,0.79%,99.0%, -   ,0.0%," 120,540 ", 193 ,32.4,,,,,1,1,,2
Kuwait," 2,505,559 ", 2.9 , 22.0 , 2.4 , 9.5 , 2.2 ," $23,100 ", 1.53 ,3.56%,94.4%, 16.050 ,85.0%," 17,820 ", 141 ,26,,,,,1,,1,2
Libya," 6,036,914 ", 3.2 , 26.1 , 3.5 , 22.8 , 30.0 ," $12,300 ", 1.05 ,2.26%,92.4%, -   ,97.0%," 1,759,540 ", 3 ,23.3,,1,,,,,1,2
Macedonia," 2,055,915 ", 1.6 , 12.0 , 8.8 , 9.5 , 36.0 ," $8,300 ", 1.00 ,0.26%,98.2%, (0.610),33.3%," 25,333 ", 81 ,34.4,,1,1,,,,,2
Mauritius," 1,250,882 ", 1.9 , 15.3 , 6.9 , 14.1 , 9.4 ," $13,700 ", 0.97 ,0.80%,88.4%, (0.400),16.6%," 2,040 ", 613 ,31.2,,,1,,1,,,2
Mexico," 108,700,891 ", 2.4 , 20.4 , 4.8 , 19.6 , 3.2 ," $10,700 ", 0.96 ,1.15%,92.4%, (4.080),0.0%," 1,972,550 ", 55 ,25.6,,,1,,,,1,2
Mongolia," 2,951,786 ", 2.3 , 21.1 , 6.2 , 42.7 , 3.3 ," $2,100 ", 1.00 ,1.49%,98.0%, -   ,4.0%," 1,564,116 ", 2 ,24.6,,,,,,1,1,2
Montenegro," 684,736 ",#N/A, 11.2 , 8.4 ,#N/A, 27.7 ," $3,800 ",#N/A,-1.00%,#N/A,#N/A,0.0%," 14,026 ", 49 ,#N/A,,1,,,,1,,2
Montserrat," 9,538 ", 1.8 , 17.5 , 7.0 , 7.0 , 6.0 ," $3,400 ", 0.96 ,1.05%,97.0%, -   ,0.0%, 102 , 94 ,29.3,,,,,,1,1,2
Nauru," 13,528 ", 3.0 , 24.5 , 6.7 , 9.6 , 90.0 ," $5,000 ", 1.00 ,1.78%,#VALUE!, -   ,0.0%,#N/A,#N/A,21,,1,,,,,1,2
New Caledonia," 221,943 ", 2.3 , 17.8 , 5.7 , 7.4 , 17.1 ," $15,000 ", 1.01 ,1.20%,96.8%, -   ,0.0%," 19,060 ", 12 ,28.1,,1,,,,,1,2
Northern Mariana Islands," 84,546 ", 1.2 , 19.3 , 2.3 , 6.9 , 3.9 ," $12,500 ", 0.76 ,2.46%,97.0%, 7.640 ,0.0%, 477 , 177 ,29.7,,,,,1,,1,2
Panama," 3,242,173 ", 2.7 , 21.5 , 5.4 , 16.0 , 8.8 ," $8,200 ", 1.02 ,1.56%,92.5%, (0.370),0.0%," 78,200 ", 41 ,26.4,,,1,,,,1,2
Peru," 28,674,757 ", 2.5 , 20.1 , 6.2 , 30.0 , 7.2 ," $6,600 ", 1.01 ,1.29%,93.5%, (0.990),0.0%," 1,285,220 ", 22 ,25.5,,,1,,,,1,2
Saint Helena," 7,543 ", 1.6 , 11.9 , 6.6 , 17.7 , 14.0 ," $2,500 ", 1.03 ,0.53%,97.0%, -   ,0.0%, 413 , 18 ,36.5,,1,,,,1,,2
Saint Pierre and Miquelon," 7,036 ", 2.0 , 13.1 , 6.8 , 7.2 , 10.3 ," $7,000 ", 1.01 ,0.13%,99.0%, (4.970),0.0%, 242 , 29 ,34.6,,1,1,,,,,2
Slovakia," 5,447,502 ", 1.3 , 10.7 , 9.5 , 7.1 , 10.2 ," $18,200 ", 0.94 ,0.15%,99.7%, 0.300 ,0.0%," 48,845 ", 112 ,36.1,,1,,,1,,,2
Solomon Islands," 566,842 ", 3.8 , 29.3 , 3.9 , 20.0 ,#N/A, $600 , 1.03 ,2.54%,#VALUE!, -   ,0.0%," 28,450 ", 20 ,19.1,,,,,,1,1,2
Suriname," 470,784 ", 2.0 , 17.3 , 5.5 , 20.1 , 9.5 ," $7,100 ", 0.99 ,1.10%,92.0%, (0.780),19.6%," 163,270 ", 3 ,27.1,,,1,,,,1,2
Swaziland," 1,133,066 ", 3.4 , 27.0 , 30.4 , 70.7 , 40.0 ," $5,300 ", 0.95 ,-0.34%,82.6%, -   ,10.0%," 17,363 ", 65 ,18.6,,1,,,,,1,2
Trinidad and Tobago," 1,056,608 ", 1.7 , 13.1 , 10.8 , 24.3 , 7.0 ," $19,800 ", 1.07 ,-0.88%,99.1%, (11.130),5.8%," 5,128 ", 206 ,31.8,,,1,,1,,,2
Turkey," 71,158,647 ", 1.9 , 16.4 , 6.0 , 38.3 , 10.2 ," $9,100 ", 1.02 ,1.04%,95.3%, -   ,99.8%," 780,580 ", 91 ,28.6,,1,,,,,1,2
Tuvalu," 11,992 ", 3.0 , 22.4 , 7.0 , 18.9 ,#N/A," $1,600 ", 0.95 ,1.54%,#N/A, -   ,0.0%,#N/A,#N/A,24.9,,,,,,1,1,2
Uruguay," 3,460,607 ", 2.0 , 14.4 , 9.2 , 12.0 , 10.8 ," $10,900 ", 0.95 ,0.50%,97.6%, (0.210),0.0%," 176,220 ", 20 ,32.9,,1,1,,,,,2
Vanuatu," 211,971 ", 2.6 , 22.4 , 7.8 , 52.5 , 1.7 ," $2,900 ", 1.04 ,1.46%,#VALUE!, -   ,0.0%," 12,200 ", 17 ,23.4,,,,,,1,1,2
Venezuela," 26,023,528 ", 2.6 , 21.2 , 5.1 , 22.5 , 8.9 ," $7,200 ", 0.98 ,1.49%,93.3%, (1.280),0.0%," 912,050 ", 29 ,24.9,,,1,,,,1,2
Andorra," 71,822 ", 1.3 , 8.5 , 6.5 , 4.0 , -   ," $38,800 ", 1.08 ,0.84%,100.0%, 6.420 ,0.0%, 468 , 153 ,41.5,,,,,1,,,1
Anguilla," 13,677 ", 1.7 , 14.0 , 5.3 , 19.6 , 8.0 ," $8,800 ", 1.03 ,1.38%,95.0%, 5.120 ,0.0%, 102 , 134 ,31.6,,,,,1,,,1
Argentina," 40,301,927 ", 2.1 , 16.5 , 7.6 , 14.3 , 8.7 ," $15,200 ", 0.97 ,0.94%,97.2%, 0.400 ,0.0%," 2,766,890 ", 15 ,29.9,,,,,,,1,1
Armenia," 2,971,650 ", 1.3 , 12.3 , 8.3 , 21.7 , 7.4 ," $5,700 ", 0.89 ,-0.13%,99.7%, (5.340),0.0%," 29,800 ", 100 ,30.8,,,1,,,,,1
Aruba," 100,018 ", 1.9 , 12.8 , 7.6 , 14.8 , 6.9 ," $21,800 ", 0.91 ,1.52%,97.5%, 10.000 ,0.0%, 193 , 518 ,37.3,,,,,1,,,1
Belgium," 10,392,226 ", 1.6 , 10.3 , 10.3 , 4.6 , 8.1 ," $33,000 ", 0.96 ,0.12%,99.0%, 1.220 ,0.0%," 30,528 ", 340 ,41.1,,,,,1,,,1
Belize," 294,385 ", 3.5 , 28.3 , 5.8 , 24.4 , 9.4 ," $8,400 ", 1.03 ,2.26%,76.7%, -   ,0.0%," 22,966 ", 13 ,19.9,,,,,,,1,1
Bosnia and Herzegovina," 4,552,198 ", 1.2 , 8.8 , 8.4 , 9.6 , 45.5 ," $5,600 ", 0.97 ,1.00%,99.0%, 9.650 ,40.0%," 51,129 ", 89 ,38.9,,1,,,,,,1
British Virgin Islands," 23,552 ", 1.7 , 14.8 , 4.4 , 16.1 , 3.6 ," $38,500 ", 1.05 ,1.92%,#VALUE!, 8.830 ,0.0%, 153 , 154 ,31.7,,,,,1,,,1
Brunei," 374,577 ", 2.0 , 18.6 , 3.3 , 13.1 , 4.0 ," $25,600 ", 1.02 ,1.81%,95.2%, 2.790 ,67.0%," 5,770 ", 65 ,27.2,,,,,,,1,1
Bulgaria," 7,322,858 ", 1.4 , 9.6 , 14.3 , 19.2 , 9.6 ," $10,700 ", 0.92 ,-0.84%,98.7%, (3.710),12.2%," 110,910 ", 66 ,40.9,,,1,,,,,1
Cayman Islands," 46,600 ", 1.9 , 12.6 , 5.0 , 7.8 , 4.4 ," $43,800 ", 0.96 ,2.50%,98.0%, 17.340 ,0.0%, 262 , 178 ,37.5,,,,,1,,,1
Cocos (Keeling) Islands,#N/A,#N/A,#N/A,#N/A,#N/A, 60.0 ,#N/A,#N/A,0.00%,#N/A,#VALUE!,80.0%,#N/A,#N/A,#N/A,,1,,,,,,1
Costa Rica," 4,133,884 ", 2.2 , 18.0 , 4.4 , 9.5 , 6.6 ," $12,500 ", 1.02 ,1.41%,95.9%, 0.480 ,0.0%," 51,100 ", 81 ,26.8,,,,,,,1,1
Croatia," 4,493,312 ", 1.4 , 9.6 , 11.6 , 6.6 , 17.2 ," $13,400 ", 0.93 ,-0.04%,99.3%, 1.580 ,1.3%," 56,542 ", 79 ,40.6,,1,,,,,,1
Czech Republic," 10,228,744 ", 1.2 , 9.0 , 10.6 , 3.9 , 8.4 ," $22,000 ", 0.95 ,-0.07%,99.0%, 0.970 ,0.0%," 78,866 ", 130 ,39.5,,,,,1,,,1
Denmark," 5,468,120 ", 1.7 , 10.9 , 10.3 , 4.5 , 3.8 ," $37,100 ", 0.98 ,0.31%,99.0%, 2.500 ,2.0%," 43,094 ", 127 ,40.1,,,,,1,,,1
Estonia," 1,315,912 ", 1.4 , 10.2 , 13.3 , 7.6 , 4.5 ," $20,300 ", 0.84 ,-0.64%,99.8%, (3.220),0.0%," 45,226 ", 29 ,39.4,,,1,,,,,1
European Union," 490,426,060 ", 1.5 , 10.0 , 10.0 , 4.8 , 8.5 ," $29,900 ", 0.96 ,0.16%,#N/A, 1.600 ,0.0%," 4,324,782 ", 113 ,#N/A,,,,,1,,,1
Germany," 82,400,996 ", 1.4 , 8.2 , 10.7 , 4.1 , 7.1 ," $31,900 ", 0.97 ,-0.03%,99.0%, 2.180 ,3.7%," 357,021 ", 231 ,43,,,,,1,,,1
Greenland," 56,344 ", 2.4 , 16.0 , 7.9 , 15.0 , 9.3 ," $20,000 ", 1.12 ,-0.03%,100.0%, (8.380),0.0%," 2,166,086 ", 0 ,34.1,,,1,,,,,1
Hong Kong," 6,980,412 ", 1.0 , 7.3 , 6.5 , 2.9 , 4.9 ," $37,300 ", 0.96 ,0.56%,96.9%, 4.720 ,0.0%," 1,092 "," 6,392 ",41.2,,,,,1,,,1
Hungary," 9,956,108 ", 1.3 , 9.7 , 13.1 , 8.2 , 7.4 ," $17,500 ", 0.91 ,-0.25%,99.5%, 0.860 ,0.0%," 93,030 ", 107 ,38.9,,,,,1,,,1
Isle of Man," 75,831 ", 1.7 , 11.0 , 11.1 , 5.7 , 1.5 ," $35,000 ", 0.95 ,0.51%,#VALUE!, 5.270 ,0.0%, 572 , 133 ,39.8,,,,,1,,,1
Italy," 58,147,733 ", 1.3 , 8.5 , 10.5 , 5.7 , 7.0 ," $30,200 ", 0.96 ,0.01%,98.8%, 2.060 ,0.0%," 301,230 ", 193 ,42.5,,,,,1,,,1
Japan," 127,433,494 ", 1.2 , 8.1 , 9.0 , 2.8 , 4.1 ," $33,100 ", 0.95 ,-0.09%,99.0%, -   ,0.0%," 377,835 ", 337 ,43.5,,,,,1,,,1
Jersey," 91,321 ", 1.6 , 9.0 , 9.3 , 5.1 , 2.2 ," $57,000 ", 0.97 ,0.24%,#VALUE!, 2.740 ,0.0%, 116 , 787 ,41.9,,,,,1,,,1
"Korea, South"," 49,044,790 ", 1.3 , 9.9 , 6.0 , 6.1 , 3.3 ," $24,500 ", 1.01 ,0.39%,99.2%, -   ,0.0%," 98,480 ", 498 ,35.8,,,,,1,,,1
Latvia," 2,259,810 ", 1.3 , 9.4 , 13.6 , 9.2 , 6.5 ," $16,000 ", 0.86 ,-0.65%,99.8%, (2.270),0.0%," 64,589 ", 35 ,39.6,,,1,,,,,1
Liechtenstein," 34,247 ", 1.5 , 10.0 , 7.3 , 4.6 , 1.3 ," $25,000 ", 0.95 ,0.75%,100.0%, 4.730 ,0.0%, 160 , 214 ,40.1,,,,,1,,,1
Lithuania," 3,575,439 ", 1.2 , 8.9 , 11.1 , 6.7 , 3.7 ," $15,300 ", 0.89 ,-0.29%,99.6%, (0.720),0.0%," 65,200 ", 55 ,38.6,,,1,,,,,1
Luxembourg," 480,222 ", 1.8 , 11.8 , 8.4 , 4.7 , 4.1 ," $71,400 ", 0.97 ,1.21%,100.0%, 8.640 ,0.0%," 2,586 ", 186 ,38.9,,,,,1,,,1
Malaysia," 24,821,286 ", 3.0 , 22.7 , 5.1 , 16.6 , 3.5 ," $12,800 ", 1.01 ,1.76%,92.0%, -   ,60.4%," 329,750 ", 75 ,24.4,,,,,,,1,1
Malta," 401,880 ", 1.5 , 10.3 , 8.2 , 3.8 , 6.8 ," $21,300 ", 0.99 ,0.41%,92.0%, 2.040 ,0.0%, 316 ," 1,272 ",39,,,,,1,,,1
Namibia," 2,055,080 ", 2.9 , 23.5 , 19.2 , 47.2 , 5.3 ," $7,500 ", 1.01 ,0.48%,86.8%, 0.410 ,0.0%," 825,418 ", 2 ,20.2,,,,,,,1,1
Netherlands," 16,570,613 ", 1.7 , 10.7 , 8.7 , 4.9 , 5.5 ," $32,100 ", 0.98 ,0.46%,99.0%, 2.630 ,5.5%," 41,526 ", 399 ,39.7,,,,,1,,,1
Niue," 1,492 ",#N/A,#N/A,#N/A,#N/A, 12.0 ," $5,800 ",#VALUE!,-0.03%,#VALUE!,#VALUE!,0.0%, 260 , 6 ,#N/A,,1,,,,,,1
Portugal," 10,642,836 ", 1.5 , 10.6 , 10.6 , 4.9 , 7.6 ," $19,800 ", 0.95 ,0.33%,95.5%, 3.310 ,0.0%," 92,391 ", 115 ,38.8,,,,,1,,,1
Romania," 22,276,056 ", 1.4 , 10.7 , 11.8 , 24.6 , 6.1 ," $9,100 ", 0.95 ,-0.13%,98.4%, (0.130),0.0%," 237,500 ", 94 ,36.9,,,1,,,,,1
Singapore," 4,553,009 ", 1.1 , 9.2 , 4.4 , 2.3 , 3.1 ," $31,400 ", 0.95 ,1.28%,96.6%, 7.980 ,14.9%, 693 ," 6,570 ",37.8,,,,,1,,,1
Switzerland," 7,554,661 ", 1.4 , 9.7 , 8.5 , 4.3 , 3.3 ," $34,000 ", 0.97 ,0.38%,99.0%, 2.660 ,4.3%," 41,290 ", 183 ,40.4,,,,,1,,,1
Taiwan," 22,858,872 ", 1.1 , 9.0 , 6.5 , 5.5 , 3.9 ," $29,600 ", 1.03 ,0.30%,#VALUE!, 0.610 ,0.0%," 35,980 ", 635 ,35.5,,,,,1,,,1
Thailand," 65,068,149 ", 1.6 , 13.7 , 7.1 , 18.9 , 2.1 ," $9,200 ", 0.98 ,0.66%,94.9%, -   ,4.6%," 514,000 ", 127 ,32.4,,,,,1,,,1
Tokelau," 1,449 ",#N/A,#N/A,#N/A,#N/A,#N/A," $1,000 ",#VALUE!,-0.02%,#N/A,#VALUE!,0.0%,#N/A,#N/A,#N/A,,,,,,1,,1
Turks and Caicos Islands," 21,746 ", 3.0 , 21.5 , 4.2 , 14.7 , 10.0 ," $11,500 ", 1.07 ,2.72%,99.0%, 9.980 ,0.0%, 430 , 51 ,27.7,,,,,,,1,1
Ukraine," 46,299,862 ", 1.2 , 9.5 , 16.1 , 9.5 , 2.7 ," $7,800 ", 0.86 ,-0.68%,99.7%, (0.130),0.0%," 603,700 ", 77 ,39.2,,,1,,,,,1
United Kingdom," 60,776,238 ", 1.7 , 10.7 , 10.1 , 5.0 , 2.9 ," $31,800 ", 0.98 ,0.28%,99.0%, 2.170 ,2.7%," 244,820 ", 248 ,39.6,,,,,1,,,1
Virgin Islands," 108,448 ", 2.2 , 13.7 , 6.6 , 7.7 , 6.2 ," $14,500 ", 0.91 ,-0.17%,#VALUE!, (8.800),0.0%," 1,910 ", 57 ,37.7,,,1,,,,,1
Australia," 20,434,176 ", 1.8 , 12.0 , 7.6 , 4.6 , 4.9 ," $33,300 ", 0.99 ,0.82%,99.0%, 3.780 ,1.5%," 7,686,850 ", 3 ,37.1,,,,,,,,0
Austria," 8,199,783 ", 1.4 , 8.7 , 9.8 , 4.5 , 4.9 ," $34,700 ", 0.95 ,0.08%,#VALUE!, 1.910 ,4.2%," 83,870 ", 98 ,41.3,,,,,,,,0
Belarus," 9,724,723 ", 1.2 , 9.5 , 14.0 , 6.6 , 1.6 ," $8,100 ", 0.87 ,-0.41%,99.8%, 0.380 ,0.0%," 207,600 ", 47 ,38.2,,,,,,,,0
Bermuda," 66,163 ", 1.9 , 11.3 , 7.8 , 8.1 , 2.1 ," $69,900 ", 0.96 ,0.58%,98.0%, 2.340 ,0.0%,#N/A,#N/A,40.6,,,,,,,,0
Canada," 33,390,141 ", 1.6 , 10.8 , 7.9 , 4.6 , 6.4 ," $35,700 ", 0.98 ,0.87%,99.0%, 5.790 ,1.9%," 9,984,670 ", 3 ,39.1,,,,,,,,0
Chile," 16,284,741 ", 2.0 , 15.0 , 5.9 , 8.4 , 7.8 ," $12,600 ", 0.98 ,0.92%,95.8%, -   ,0.0%," 756,950 ", 22 ,30.7,,,,,,,,0
Christmas Island," 1,402 ",#N/A,#N/A,#N/A,#N/A,#N/A,#N/A,#VALUE!,0.00%,#N/A,#VALUE!,25.0%, 135 , 10 ,#N/A,,,,,,,,0
Cyprus," 788,457 ", 1.8 , 12.6 , 7.7 , 6.9 , 5.5 ," $23,000 ", 1.00 ,0.53%,98.9%, 0.420 ,18.0%," 9,250 ", 85 ,35.1,,,,,,,,0
Falkland Islands (Islas Malvinas)," 3,105 ",#N/A,#N/A,#N/A,#N/A,#N/A," $25,000 ",#N/A,2.44%,#N/A,#VALUE!,0.0%," 12,173 ", 0 ,#N/A,,,,,,,,0
Faroe Islands," 47,511 ", 2.2 , 14.1 , 8.7 , 6.0 , 2.1 ," $31,000 ", 1.05 ,0.54%,#VALUE!, -   ,0.0%," 1,399 ", 34 ,35,,,,,,,,0
Finland," 5,238,460 ", 1.7 , 10.4 , 9.9 , 3.5 , 7.0 ," $33,500 ", 0.96 ,0.13%,100.0%, 0.780 ,0.0%," 338,145 ", 15 ,41.6,,,,,,,,0
France," 63,713,926 ", 2.0 , 12.9 , 8.6 , 3.4 , 8.7 ," $31,200 ", 0.96 ,0.59%,99.0%, 1.520 ,5.0%," 643,427 ", 99 ,39,,,,,,,,0
Gibraltar," 27,967 ", 1.7 , 10.7 , 9.4 , 5.0 , 2.0 ," $27,900 ", 1.01 ,0.13%,#VALUE!, -   ,4.0%,#N/A,#N/A,40.1,,,,,,,,0
Greece," 10,706,290 ", 1.4 , 9.6 , 10.3 , 5.3 , 9.2 ," $24,000 ", 0.96 ,0.16%,97.8%, 2.340 ,1.3%," 131,940 ", 81 ,41.2,,,,,,,,0
Guernsey," 65,573 ", 1.4 , 8.7 , 10.1 , 4.6 , 0.9 ," $44,600 ", 0.94 ,0.24%,#VALUE!, 3.810 ,0.0%,#N/A,#N/A,41.7,,,,,,,,0
Holy See (Vatican City), 821 ,#N/A,#N/A,#N/A,#N/A,#N/A,#N/A,#N/A,0.00%,100.0%,#N/A,0.0%,#N/A,#N/A,#N/A,,,,,,,,0
Iceland," 301,931 ", 1.9 , 13.6 , 6.8 , 3.3 , 1.3 ," $38,000 ", 1.00 ,0.82%,99.0%, 1.430 ,0.0%," 103,000 ", 3 ,34.5,,,,,,,,0
Ireland," 4,109,086 ", 1.9 , 14.4 , 7.8 , 5.2 , 4.3 ," $44,500 ", 0.99 ,1.14%,99.0%, 4.820 ,0.0%," 70,280 ", 58 ,34.3,,,,,,,,0
Macau," 456,989 ", 1.0 , 8.6 , 4.6 , 4.3 , 4.1 ," $24,300 ", 0.92 ,0.84%,95.3%, 4.420 ,0.0%,#N/A,#N/A,36.6,,,,,,,,0
Monaco," 32,671 ", 1.8 , 9.1 , 12.9 , 5.3 , -   ," $30,000 ", 0.91 ,0.39%,99.0%, 7.650 ,0.0%,#N/A,#N/A,45.5,,,,,,,,0
New Zealand," 4,115,771 ", 1.8 , 13.6 , 7.5 , 5.7 , 3.8 ," $26,200 ", 0.99 ,0.95%,99.0%, 3.430 ,0.0%," 268,680 ", 15 , 34.20 ,,,,,,,,0
Norfolk Island," 2,114 ",#N/A,#N/A,#N/A,#N/A, -   ,#N/A,#VALUE!,0.01%,#N/A,#VALUE!,0.0%,#N/A,#N/A,#N/A,,,,,,,,0
Norway," 4,627,926 ", 1.8 , 11.3 , 9.4 , 3.6 , 3.5 ," $46,300 ", 0.98 ,0.36%,100.0%, 1.720 ,1.8%," 323,802 ", 14 ,38.7,,,,,,,,0
Palau," 20,842 ", 2.5 , 17.7 , 6.8 , 14.1 , 4.2 ," $7,600 ", 1.12 ,1.23%,93.0%, 1.390 ,0.0%, 458 , 46 ,32,,,,,,,,0
Pitcairn Islands,#N/A,#N/A,#N/A,#N/A,#N/A,#N/A,#N/A,#VALUE!,0.00%,#N/A,#VALUE!,0.0%,#N/A,#N/A,#N/A,,,,,,,,0
Qatar," 907,229 ", 2.8 , 15.6 , 4.8 , 17.5 , 3.2 ," $29,800 ", 1.85 ,2.39%,89.1%, 13.120 ,77.5%," 11,437 ", 79 ,31.9,,,,,,,,0
Russia," 141,377,752 ", 1.4 , 10.9 , 16.0 , 11.1 , 6.6 ," $12,200 ", 0.86 ,-0.48%,99.7%, 0.280 ,10.0%," 17,075,200 ", 8 ,38.2,,,,,,,,0
Saint Barthelemy," 6,852 ",#N/A,#N/A,#N/A,#N/A,#N/A,#N/A,#N/A,#N/A,#N/A,#N/A,0.0%,#N/A,#N/A,#N/A,,,,,,,,0
Saint Martin," 33,102 ",#N/A,#N/A,#N/A,#N/A,#N/A,#N/A,#N/A,#N/A,#N/A,#N/A,0.0%,#N/A,#N/A,#N/A,,,,,,,,0
San Marino," 29,615 ", 1.3 , 9.9 , 8.3 , 5.5 , 3.8 ," $34,100 ", 0.92 ,1.22%,97.0%, 10.570 ,0.0%,#N/A,#N/A,40.9,,,,,,,,0
Slovenia," 2,009,245 ", 1.3 , 9.0 , 10.4 , 4.4 , 9.6 ," $23,400 ", 0.95 ,-0.07%,99.7%, 0.760 ,2.4%," 20,273 ", 99 ,41,,,,,,,,0
Spain," 40,448,191 ", 1.3 , 10.0 , 9.8 , 4.3 , 8.1 ," $27,400 ", 0.96 ,0.12%,98.7%, 0.990 ,0.0%," 504,782 ", 80 ,40.3,,,,,,,,0
Sweden," 9,031,088 ", 1.7 , 10.2 , 10.3 , 2.8 , 5.6 ," $32,200 ", 0.98 ,0.16%,99.0%, 1.660 ,0.0%," 449,964 ", 20 ,41.1,,,,,,,,0
United Arab Emirates," 4,444,011 ", 2.4 , 16.1 , 2.2 , 13.5 , 2.4 ," $49,700 ", 2.19 ,4.00%,76.1%, 26.040 ,96.0%," 83,600 ", 53 ,30.1,,,,,,,,0
United States," 301,139,947 ", 2.1 , 14.2 , 8.3 , 6.4 , 4.8 ," $43,800 ", 0.97 ,0.89%,99.0%, 3.050 ,1.0%," 9,826,630 ", 31 ,36.6,,,,,,,,0
